社員コード,生年月日,性別,入社年月日,郵便番号,住所,メールアドレス,電話番号
C181,1991/10/04,男,2003/10/15,1000001,東京都千代田区千代田,naoki32@ishikawa.com,09600133890
T131,1989/02/04,男,2006/10/07,5300001,大阪府大阪市北区梅田,ryoheihayashi@gmail.com,080-6542-3511
T186,1982/12/05,男,2003/04/16,2520001,神奈川県座間市相模が丘,naoko40@hotmail.com,07816184959
C104,1976/07/17,男,2023/12/22,1500001,東京都渋谷区神宮前,abeyoko@yamamoto.com,080-1647-5255
C129,1977/02/16,男,2022/10/20,0200001,岩手県盛岡市上田,saitotaichi@hotmail.com,080-2764-8350
T191,1977/10/17,女,2001/02/02,4600001,愛知県名古屋市中区三の丸,nwatanabe@hotmail.com,05376724238
C175,1988/05/04,女,2008/12/09,1000001,東京都千代田区千代田,ikobayashi@hotmail.com,10-1226-9166
C189,1990/04/11,女,2015/12/04,7300001,広島県広島市中区白島北町,ikedashota@hotmail.com,08451462704
C119,1987/01/13,男,2006/01/29,7300001,広島県広島市中区白島北町,hanako89@tanaka.jp,080-8809-5701
C111,1982/05/08,女,2010/06/18,1500001,東京都渋谷区神宮前,itosatomi@ota.com,07182278248
C144,1990/08/22,女,2014/05/25,1000001,東京都千代田区千代田,mikiyamamoto@nakagawa.jp,07871331509
C168,1988/11/05,男,2007/10/30,7900001,愛媛県松山市一番町,suzukihanako@sato.com,070-5183-4738
T170,1974/07/03,女,2024/08/11,2520001,神奈川県座間市相模が丘,rikayamada@yahoo.com,03116566701
T173,1972/01/24,男,2013/09/12,1500001,東京都渋谷区神宮前,itotakuma@hotmail.com,26-2473-1781
C184,1971/09/21,男,2022/03/10,0600001,北海道札幌市中央区北一条西,nishimuranaoki@takahashi.jp,36-0260-6474
T129,1984/05/23,男,2023/09/13,7900001,愛媛県松山市一番町,takumayamamoto@gmail.com,09805009788
T158,1975/05/11,女,2001/12/07,5300001,大阪府大阪市北区梅田,kyosukehayashi@mori.net,06193990916
T145,1992/05/14,男,2019/11/10,0600001,北海道札幌市中央区北一条西,tsubasa53@yahoo.com,24-7510-7991
C177,1972/06/29,男,2018/04/17,0200001,岩手県盛岡市上田,jun51@saito.jp,090-2784-9808
C120,1980/03/09,女,2022/07/28,7900001,愛媛県松山市一番町,naotosuzuki@suzuki.com,04493534874